<annotation>
	<folder>images</folder>
	<filename>frame159.jpg</filename>
	<path>C:\tensorflow1\models\research\object_detection\images\train\images\frame159.jpg</path>
	<source>
		<database>Unknown</database>
	</source>
	<size>
		<width>640</width>
		<height>480</height>
		<depth>3</depth>
	</size>
	<segmented>0</segmented>
	<object>
		<name>non_attentive</name>
		<pose>Unspecified</pose>
		<truncated>0</truncated>
		<difficult>0</difficult>
		<bndbox>
			<xmin>96</xmin>
			<ymin>161</ymin>
			<xmax>147</xmax>
			<ymax>213</ymax>
		</bndbox>
	</object>
	<object>
		<name>non_attentive</name>
		<pose>Unspecified</pose>
		<truncated>0</truncated>
		<difficult>0</difficult>
		<bndbox>
			<xmin>181</xmin>
			<ymin>144</ymin>
			<xmax>210</xmax>
			<ymax>184</ymax>
		</bndbox>
	</object>
	<object>
		<name>non_attentive</name>
		<pose>Unspecified</pose>
		<truncated>0</truncated>
		<difficult>0</difficult>
		<bndbox>
			<xmin>221</xmin>
			<ymin>124</ymin>
			<xmax>245</xmax>
			<ymax>157</ymax>
		</bndbox>
	</object>
	<object>
		<name>non_attentive</name>
		<pose>Unspecified</pose>
		<truncated>0</truncated>
		<difficult>0</difficult>
		<bndbox>
			<xmin>278</xmin>
			<ymin>130</ymin>
			<xmax>299</xmax>
			<ymax>162</ymax>
		</bndbox>
	</object>
	<object>
		<name>non_attentive</name>
		<pose>Unspecified</pose>
		<truncated>0</truncated>
		<difficult>0</difficult>
		<bndbox>
			<xmin>320</xmin>
			<ymin>143</ymin>
			<xmax>346</xmax>
			<ymax>171</ymax>
		</bndbox>
	</object>
	<object>
		<name>non_attentive</name>
		<pose>Unspecified</pose>
		<truncated>0</truncated>
		<difficult>0</difficult>
		<bndbox>
			<xmin>336</xmin>
			<ymin>165</ymin>
			<xmax>361</xmax>
			<ymax>201</ymax>
		</bndbox>
	</object>
	<object>
		<name>non_attentive</name>
		<pose>Unspecified</pose>
		<truncated>0</truncated>
		<difficult>0</difficult>
		<bndbox>
			<xmin>372</xmin>
			<ymin>142</ymin>
			<xmax>395</xmax>
			<ymax>174</ymax>
		</bndbox>
	</object>
	<object>
		<name>non_attentive</name>
		<pose>Unspecified</pose>
		<truncated>0</truncated>
		<difficult>0</difficult>
		<bndbox>
			<xmin>395</xmin>
			<ymin>187</ymin>
			<xmax>445</xmax>
			<ymax>212</ymax>
		</bndbox>
	</object>
	<object>
		<name>non_attentive</name>
		<pose>Unspecified</pose>
		<truncated>0</truncated>
		<difficult>0</difficult>
		<bndbox>
			<xmin>329</xmin>
			<ymin>197</ymin>
			<xmax>365</xmax>
			<ymax>243</ymax>
		</bndbox>
	</object>
	<object>
		<name>non_attentive</name>
		<pose>Unspecified</pose>
		<truncated>0</truncated>
		<difficult>0</difficult>
		<bndbox>
			<xmin>451</xmin>
			<ymin>222</ymin>
			<xmax>499</xmax>
			<ymax>273</ymax>
		</bndbox>
	</object>
</annotation>
