<annotation>
	<folder>images</folder>
	<filename>frame179.jpg</filename>
	<path>C:\tensorflow1\models\research\object_detection\images\train\images\frame179.jpg</path>
	<source>
		<database>Unknown</database>
	</source>
	<size>
		<width>640</width>
		<height>480</height>
		<depth>3</depth>
	</size>
	<segmented>0</segmented>
	<object>
		<name>non_attentive</name>
		<pose>Unspecified</pose>
		<truncated>0</truncated>
		<difficult>0</difficult>
		<bndbox>
			<xmin>104</xmin>
			<ymin>158</ymin>
			<xmax>153</xmax>
			<ymax>210</ymax>
		</bndbox>
	</object>
	<object>
		<name>non_attentive</name>
		<pose>Unspecified</pose>
		<truncated>0</truncated>
		<difficult>0</difficult>
		<bndbox>
			<xmin>181</xmin>
			<ymin>145</ymin>
			<xmax>207</xmax>
			<ymax>185</ymax>
		</bndbox>
	</object>
	<object>
		<name>non_attentive</name>
		<pose>Unspecified</pose>
		<truncated>0</truncated>
		<difficult>0</difficult>
		<bndbox>
			<xmin>221</xmin>
			<ymin>120</ymin>
			<xmax>243</xmax>
			<ymax>151</ymax>
		</bndbox>
	</object>
	<object>
		<name>non_attentive</name>
		<pose>Unspecified</pose>
		<truncated>0</truncated>
		<difficult>0</difficult>
		<bndbox>
			<xmin>280</xmin>
			<ymin>138</ymin>
			<xmax>301</xmax>
			<ymax>164</ymax>
		</bndbox>
	</object>
	<object>
		<name>non_attentive</name>
		<pose>Unspecified</pose>
		<truncated>0</truncated>
		<difficult>0</difficult>
		<bndbox>
			<xmin>322</xmin>
			<ymin>146</ymin>
			<xmax>346</xmax>
			<ymax>171</ymax>
		</bndbox>
	</object>
	<object>
		<name>non_attentive</name>
		<pose>Unspecified</pose>
		<truncated>0</truncated>
		<difficult>0</difficult>
		<bndbox>
			<xmin>339</xmin>
			<ymin>164</ymin>
			<xmax>363</xmax>
			<ymax>200</ymax>
		</bndbox>
	</object>
	<object>
		<name>non_attentive</name>
		<pose>Unspecified</pose>
		<truncated>0</truncated>
		<difficult>0</difficult>
		<bndbox>
			<xmin>384</xmin>
			<ymin>143</ymin>
			<xmax>405</xmax>
			<ymax>172</ymax>
		</bndbox>
	</object>
	<object>
		<name>non_attentive</name>
		<pose>Unspecified</pose>
		<truncated>0</truncated>
		<difficult>0</difficult>
		<bndbox>
			<xmin>406</xmin>
			<ymin>165</ymin>
			<xmax>439</xmax>
			<ymax>202</ymax>
		</bndbox>
	</object>
	<object>
		<name>non_attentive</name>
		<pose>Unspecified</pose>
		<truncated>0</truncated>
		<difficult>0</difficult>
		<bndbox>
			<xmin>336</xmin>
			<ymin>197</ymin>
			<xmax>371</xmax>
			<ymax>241</ymax>
		</bndbox>
	</object>
	<object>
		<name>non_attentive</name>
		<pose>Unspecified</pose>
		<truncated>0</truncated>
		<difficult>0</difficult>
		<bndbox>
			<xmin>426</xmin>
			<ymin>209</ymin>
			<xmax>464</xmax>
			<ymax>258</ymax>
		</bndbox>
	</object>
</annotation>
