<annotation>
	<folder>images</folder>
	<filename>frame211.jpg</filename>
	<path>C:\tensorflow1\models\research\object_detection\images\train\images\frame211.jpg</path>
	<source>
		<database>Unknown</database>
	</source>
	<size>
		<width>640</width>
		<height>480</height>
		<depth>3</depth>
	</size>
	<segmented>0</segmented>
	<object>
		<name>non_attentive</name>
		<pose>Unspecified</pose>
		<truncated>0</truncated>
		<difficult>0</difficult>
		<bndbox>
			<xmin>149</xmin>
			<ymin>162</ymin>
			<xmax>191</xmax>
			<ymax>208</ymax>
		</bndbox>
	</object>
	<object>
		<name>attentive</name>
		<pose>Unspecified</pose>
		<truncated>0</truncated>
		<difficult>0</difficult>
		<bndbox>
			<xmin>242</xmin>
			<ymin>153</ymin>
			<xmax>270</xmax>
			<ymax>190</ymax>
		</bndbox>
	</object>
	<object>
		<name>attentive</name>
		<pose>Unspecified</pose>
		<truncated>0</truncated>
		<difficult>0</difficult>
		<bndbox>
			<xmin>213</xmin>
			<ymin>123</ymin>
			<xmax>234</xmax>
			<ymax>151</ymax>
		</bndbox>
	</object>
	<object>
		<name>attentive</name>
		<pose>Unspecified</pose>
		<truncated>0</truncated>
		<difficult>0</difficult>
		<bndbox>
			<xmin>273</xmin>
			<ymin>130</ymin>
			<xmax>293</xmax>
			<ymax>157</ymax>
		</bndbox>
	</object>
	<object>
		<name>attentive</name>
		<pose>Unspecified</pose>
		<truncated>0</truncated>
		<difficult>0</difficult>
		<bndbox>
			<xmin>308</xmin>
			<ymin>139</ymin>
			<xmax>331</xmax>
			<ymax>166</ymax>
		</bndbox>
	</object>
	<object>
		<name>attentive</name>
		<pose>Unspecified</pose>
		<truncated>0</truncated>
		<difficult>0</difficult>
		<bndbox>
			<xmin>325</xmin>
			<ymin>151</ymin>
			<xmax>348</xmax>
			<ymax>188</ymax>
		</bndbox>
	</object>
	<object>
		<name>non_attentive</name>
		<pose>Unspecified</pose>
		<truncated>0</truncated>
		<difficult>0</difficult>
		<bndbox>
			<xmin>382</xmin>
			<ymin>142</ymin>
			<xmax>402</xmax>
			<ymax>174</ymax>
		</bndbox>
	</object>
	<object>
		<name>non_attentive</name>
		<pose>Unspecified</pose>
		<truncated>0</truncated>
		<difficult>0</difficult>
		<bndbox>
			<xmin>400</xmin>
			<ymin>164</ymin>
			<xmax>429</xmax>
			<ymax>193</ymax>
		</bndbox>
	</object>
	<object>
		<name>non_attentive</name>
		<pose>Unspecified</pose>
		<truncated>0</truncated>
		<difficult>0</difficult>
		<bndbox>
			<xmin>347</xmin>
			<ymin>178</ymin>
			<xmax>383</xmax>
			<ymax>226</ymax>
		</bndbox>
	</object>
	<object>
		<name>attentive</name>
		<pose>Unspecified</pose>
		<truncated>0</truncated>
		<difficult>0</difficult>
		<bndbox>
			<xmin>470</xmin>
			<ymin>202</ymin>
			<xmax>510</xmax>
			<ymax>252</ymax>
		</bndbox>
	</object>
</annotation>
